[
  {
    "model": "user_tests.test",
    "pk": 1,
    "fields": {
      "name": "verbal",
      "time_available": 1500
    }
  },
  {
    "model": "user_tests.task",
    "pk": 1,
    "fields": {
      "test": 1,
      "name": "exclusion",
      "expert_appraisal": true
    }
  },
  {
    "model": "user_tests.task",
    "pk": 2,
    "fields": {
      "test": 1,
      "name": "meaning",
      "expert_appraisal": true
    }
  },
  {
    "model": "user_tests.question",
    "pk": 1,
    "fields": {
      "text": "1",
      "task": 1
    }
  },
  {
    "model": "user_tests.question",
    "pk": 2,
    "fields": {
      "text": "2",
      "task": 1
    }
  },
  {
    "model": "user_tests.question",
    "pk": 3,
    "fields": {
      "text": "3",
      "task": 1
    }
  },
  {
    "model": "user_tests.question",
    "pk": 4,
    "fields": {
      "text": "4",
      "task": 1
    }
  },
  {
    "model": "user_tests.question",
    "pk": 5,
    "fields": {
      "text": "5",
      "task": 1
    }
  },
  {
    "model": "user_tests.question",
    "pk": 6,
    "fields": {
      "text": "6",
      "task": 1
    }
  },
  {
    "model": "user_tests.question",
    "pk": 7,
    "fields": {
      "text": "7",
      "task": 1
    }
  },
  {
    "model": "user_tests.question",
    "pk": 8,
    "fields": {
      "text": "8",
      "task": 1
    }
  },
  {
    "model": "user_tests.question",
    "pk": 9,
    "fields": {
      "text": "9",
      "task": 1
    }
  },
  {
    "model": "user_tests.question",
    "pk": 10,
    "fields": {
      "text": "10",
      "task": 1
    }
  },
  {
    "model": "user_tests.question",
    "pk": 11,
    "fields": {
      "text": "11",
      "task": 1
    }
  },
  {
    "model": "user_tests.question",
    "pk": 12,
    "fields": {
      "text": "12",
      "task": 1
    }
  },
  {
    "model": "user_tests.question",
    "pk": 13,
    "fields": {
      "text": "13",
      "task": 1
    }
  },
  {
    "model": "user_tests.question",
    "pk": 14,
    "fields": {
      "text": "14",
      "task": 1
    }
  },
  {
    "model": "user_tests.question",
    "pk": 15,
    "fields": {
      "text": "15",
      "task": 1
    }
  },
  {
    "model": "user_tests.question",
    "pk": 16,
    "fields": {
      "text": "16",
      "task": 1
    }
  },
  {
    "model": "user_tests.question",
    "pk": 17,
    "fields": {
      "text": "17",
      "task": 1
    }
  },
  {
    "model": "user_tests.question",
    "pk": 18,
    "fields": {
      "text": "корень",
      "task": 2
    }
  },
  {
    "model": "user_tests.question",
    "pk": 19,
    "fields": {
      "text": "тень",
      "task": 2
    }
  },
  {
    "model": "user_tests.question",
    "pk": 20,
    "fields": {
      "text": "путь",
      "task": 2
    }
  },
  {
    "model": "user_tests.question",
    "pk": 21,
    "fields": {
      "text": "голова",
      "task": 2
    }
  },
  {
    "model": "user_tests.question",
    "pk": 22,
    "fields": {
      "text": "единица",
      "task": 2
    }
  },
  {
    "model": "user_tests.question",
    "pk": 23,
    "fields": {
      "text": "билет",
      "task": 2
    }
  },
  {
    "model": "user_tests.question",
    "pk": 24,
    "fields": {
      "text": "полоса",
      "task": 2
    }
  },
  {
    "model": "user_tests.question",
    "pk": 25,
    "fields": {
      "text": "свет",
      "task": 2
    }
  },
  {
    "model": "user_tests.question",
    "pk": 26,
    "fields": {
      "text": "слово",
      "task": 2
    }
  },
  {
    "model": "user_tests.question",
    "pk": 27,
    "fields": {
      "text": "хозяйство",
      "task": 2
    }
  },
  {
    "model": "user_tests.question",
    "pk": 28,
    "fields": {
      "text": "язык",
      "task": 2
    }
  },
  {
    "model": "user_tests.question",
    "pk": 29,
    "fields": {
      "text": "линия",
      "task": 2
    }
  },
  {
    "model": "user_tests.question",
    "pk": 30,
    "fields": {
      "text": "лицо",
      "task": 2
    }
  },
  {
    "model": "user_tests.question",
    "pk": 31,
    "fields": {
      "text": "номер",
      "task": 2
    }
  },
  {
    "model": "user_tests.question",
    "pk": 32,
    "fields": {
      "text": "достижение",
      "task": 2
    }
  },
  {
    "model": "user_tests.question",
    "pk": 33,
    "fields": {
      "text": "класс",
      "task": 2
    }
  },
  {
    "model": "user_tests.question",
    "pk": 34,
    "fields": {
      "text": "основание",
      "task": 2
    }
  },
  {
    "model": "user_tests.question",
    "pk": 35,
    "fields": {
      "text": "картина",
      "task": 2
    }
  },
  {
    "model": "user_tests.question",
    "pk": 36,
    "fields": {
      "text": "оборот",
      "task": 2
    }
  },
  {
    "model": "user_tests.question",
    "pk": 37,
    "fields": {
      "text": "культура",
      "task": 2
    }
  },
  {
    "model": "user_tests.question",
    "pk": 38,
    "fields": {
      "text": "общество",
      "task": 2
    }
  },
  {
    "model": "user_tests.question",
    "pk": 39,
    "fields": {
      "text": "связь",
      "task": 2
    }
  },
  {
    "model": "user_tests.question",
    "pk": 40,
    "fields": {
      "text": "петля",
      "task": 2
    }
  },
  {
    "model": "user_tests.question",
    "pk": 41,
    "fields": {
      "text": "жизнь",
      "task": 2
    }
  },
  {
    "model": "user_tests.question",
    "pk": 42,
    "fields": {
      "text": "роль",
      "task": 2
    }
  },
  {
    "model": "user_tests.answeroptions",
    "pk": 1,
    "fields": {
      "question": 1,
      "text": "Василий",
      "is_correct": false
    }
  },
  {
    "model": "user_tests.answeroptions",
    "pk": 2,
    "fields": {
      "question": 1,
      "text": "Федор",
      "is_correct": false
    }
  },
  {
    "model": "user_tests.answeroptions",
    "pk": 3,
    "fields": {
      "question": 1,
      "text": "Семен",
      "is_correct": false
    }
  },
  {
    "model": "user_tests.answeroptions",
    "pk": 4,
    "fields": {
      "question": 1,
      "text": "Иванов",
      "is_correct": true
    }
  },
  {
    "model": "user_tests.answeroptions",
    "pk": 5,
    "fields": {
      "question": 1,
      "text": "Петр",
      "is_correct": false
    }
  },
  {
    "model": "user_tests.answeroptions",
    "pk": 6,
    "fields": {
      "question": 2,
      "text": "дряхлый",
      "is_correct": false
    }
  },
  {
    "model": "user_tests.answeroptions",
    "pk": 7,
    "fields": {
      "question": 2,
      "text": "маленький",
      "is_correct": true
    }
  },
  {
    "model": "user_tests.answeroptions",
    "pk": 8,
    "fields": {
      "question": 2,
      "text": "старый",
      "is_correct": false
    }
  },
  {
    "model": "user_tests.answeroptions",
    "pk": 9,
    "fields": {
      "question": 2,
      "text": "изношенный",
      "is_correct": false
    }
  },
  {
    "model": "user_tests.answeroptions",
    "pk": 10,
    "fields": {
      "question": 2,
      "text": "ветхий",
      "is_correct": false
    }
  },
  {
    "model": "user_tests.answeroptions",
    "pk": 11,
    "fields": {
      "question": 3,
      "text": "скоро",
      "is_correct": false
    }
  },
  {
    "model": "user_tests.answeroptions",
    "pk": 12,
    "fields": {
      "question": 3,
      "text": "быстро",
      "is_correct": false
    }
  },
  {
    "model": "user_tests.answeroptions",
    "pk": 13,
    "fields": {
      "question": 3,
      "text": "поспешно",
      "is_correct": false
    }
  },
  {
    "model": "user_tests.answeroptions",
    "pk": 14,
    "fields": {
      "question": 3,
      "text": "постепенно",
      "is_correct": true
    }
  },
  {
    "model": "user_tests.answeroptions",
    "pk": 15,
    "fields": {
      "question": 3,
      "text": "торопливо",
      "is_correct": false
    }
  },
  {
    "model": "user_tests.answeroptions",
    "pk": 16,
    "fields": {
      "question": 4,
      "text": "лист",
      "is_correct": false
    }
  },
  {
    "model": "user_tests.answeroptions",
    "pk": 17,
    "fields": {
      "question": 4,
      "text": "почва",
      "is_correct": false
    }
  },
  {
    "model": "user_tests.answeroptions",
    "pk": 18,
    "fields": {
      "question": 4,
      "text": "кора",
      "is_correct": false
    }
  },
  {
    "model": "user_tests.answeroptions",
    "pk": 19,
    "fields": {
      "question": 4,
      "text": "чешуя",
      "is_correct": true
    }
  },
  {
    "model": "user_tests.answeroptions",
    "pk": 20,
    "fields": {
      "question": 4,
      "text": "сук",
      "is_correct": false
    }
  },
  {
    "model": "user_tests.answeroptions",
    "pk": 21,
    "fields": {
      "question": 5,
      "text": "ненавидеть",
      "is_correct": false
    }
  },
  {
    "model": "user_tests.answeroptions",
    "pk": 22,
    "fields": {
      "question": 5,
      "text": "презирать",
      "is_correct": false
    }
  },
  {
    "model": "user_tests.answeroptions",
    "pk": 23,
    "fields": {
      "question": 5,
      "text": "негодовать",
      "is_correct": false
    }
  },
  {
    "model": "user_tests.answeroptions",
    "pk": 24,
    "fields": {
      "question": 5,
      "text": "возмущаться",
      "is_correct": false
    }
  },
  {
    "model": "user_tests.answeroptions",
    "pk": 25,
    "fields": {
      "question": 5,
      "text": "понимать",
      "is_correct": true
    }
  },
  {
    "model": "user_tests.answeroptions",
    "pk": 26,
    "fields": {
      "question": 6,
      "text": "темный",
      "is_correct": false
    }
  },
  {
    "model": "user_tests.answeroptions",
    "pk": 27,
    "fields": {
      "question": 6,
      "text": "светлый",
      "is_correct": false
    }
  },
  {
    "model": "user_tests.answeroptions",
    "pk": 28,
    "fields": {
      "question": 6,
      "text": "голубой",
      "is_correct": true
    }
  },
  {
    "model": "user_tests.answeroptions",
    "pk": 29,
    "fields": {
      "question": 6,
      "text": "яркий",
      "is_correct": false
    }
  },
  {
    "model": "user_tests.answeroptions",
    "pk": 30,
    "fields": {
      "question": 6,
      "text": "тусклый",
      "is_correct": false
    }
  },
  {
    "model": "user_tests.answeroptions",
    "pk": 31,
    "fields": {
      "question": 7,
      "text": "гнездо",
      "is_correct": false
    }
  },
  {
    "model": "user_tests.answeroptions",
    "pk": 32,
    "fields": {
      "question": 7,
      "text": "нора",
      "is_correct": false
    }
  },
  {
    "model": "user_tests.answeroptions",
    "pk": 33,
    "fields": {
      "question": 7,
      "text": "курятник",
      "is_correct": false
    }
  },
  {
    "model": "user_tests.answeroptions",
    "pk": 34,
    "fields": {
      "question": 7,
      "text": "сторожка",
      "is_correct": true
    }
  },
  {
    "model": "user_tests.answeroptions",
    "pk": 35,
    "fields": {
      "question": 7,
      "text": "берлога",
      "is_correct": false
    }
  },
  {
    "model": "user_tests.answeroptions",
    "pk": 36,
    "fields": {
      "question": 8,
      "text": "неудача",
      "is_correct": false
    }
  },
  {
    "model": "user_tests.answeroptions",
    "pk": 37,
    "fields": {
      "question": 8,
      "text": "волнение",
      "is_correct": true
    }
  },
  {
    "model": "user_tests.answeroptions",
    "pk": 38,
    "fields": {
      "question": 8,
      "text": "поражение",
      "is_correct": false
    }
  },
  {
    "model": "user_tests.answeroptions",
    "pk": 39,
    "fields": {
      "question": 8,
      "text": "провал",
      "is_correct": false
    }
  },
  {
    "model": "user_tests.answeroptions",
    "pk": 40,
    "fields": {
      "question": 8,
      "text": "крах",
      "is_correct": false
    }
  },
  {
    "model": "user_tests.answeroptions",
    "pk": 41,
    "fields": {
      "question": 9,
      "text": "успех",
      "is_correct": false
    }
  },
  {
    "model": "user_tests.answeroptions",
    "pk": 42,
    "fields": {
      "question": 9,
      "text": "удача",
      "is_correct": false
    }
  },
  {
    "model": "user_tests.answeroptions",
    "pk": 43,
    "fields": {
      "question": 9,
      "text": "выигрыш",
      "is_correct": false
    }
  },
  {
    "model": "user_tests.answeroptions",
    "pk": 44,
    "fields": {
      "question": 9,
      "text": "спокойствие",
      "is_correct": true
    }
  },
  {
    "model": "user_tests.answeroptions",
    "pk": 45,
    "fields": {
      "question": 9,
      "text": "неудача",
      "is_correct": false
    }
  },
  {
    "model": "user_tests.answeroptions",
    "pk": 46,
    "fields": {
      "question": 10,
      "text": "грабеж",
      "is_correct": false
    }
  },
  {
    "model": "user_tests.answeroptions",
    "pk": 47,
    "fields": {
      "question": 10,
      "text": "кража",
      "is_correct": false
    }
  },
  {
    "model": "user_tests.answeroptions",
    "pk": 48,
    "fields": {
      "question": 10,
      "text": "землетрясение",
      "is_correct": true
    }
  },
  {
    "model": "user_tests.answeroptions",
    "pk": 49,
    "fields": {
      "question": 10,
      "text": "поджог",
      "is_correct": false
    }
  },
  {
    "model": "user_tests.answeroptions",
    "pk": 50,
    "fields": {
      "question": 10,
      "text": "нападение",
      "is_correct": false
    }
  },
  {
    "model": "user_tests.answeroptions",
    "pk": 51,
    "fields": {
      "question": 11,
      "text": "молоко",
      "is_correct": false
    }
  },
  {
    "model": "user_tests.answeroptions",
    "pk": 52,
    "fields": {
      "question": 11,
      "text": "сыр",
      "is_correct": false
    }
  },
  {
    "model": "user_tests.answeroptions",
    "pk": 53,
    "fields": {
      "question": 11,
      "text": "сметана",
      "is_correct": false
    }
  },
  {
    "model": "user_tests.answeroptions",
    "pk": 54,
    "fields": {
      "question": 11,
      "text": "сало",
      "is_correct": true
    }
  },
  {
    "model": "user_tests.answeroptions",
    "pk": 55,
    "fields": {
      "question": 11,
      "text": "простокваша",
      "is_correct": false
    }
  },
  {
    "model": "user_tests.answeroptions",
    "pk": 56,
    "fields": {
      "question": 12,
      "text": "глубокий",
      "is_correct": false
    }
  },
  {
    "model": "user_tests.answeroptions",
    "pk": 57,
    "fields": {
      "question": 12,
      "text": "низкий",
      "is_correct": false
    }
  },
  {
    "model": "user_tests.answeroptions",
    "pk": 58,
    "fields": {
      "question": 12,
      "text": "светлый",
      "is_correct": true
    }
  },
  {
    "model": "user_tests.answeroptions",
    "pk": 59,
    "fields": {
      "question": 12,
      "text": "высокий",
      "is_correct": false
    }
  },
  {
    "model": "user_tests.answeroptions",
    "pk": 60,
    "fields": {
      "question": 12,
      "text": "длинный",
      "is_correct": false
    }
  },
  {
    "model": "user_tests.answeroptions",
    "pk": 61,
    "fields": {
      "question": 13,
      "text": "хата",
      "is_correct": false
    }
  },
  {
    "model": "user_tests.answeroptions",
    "pk": 62,
    "fields": {
      "question": 13,
      "text": "шалаш",
      "is_correct": false
    }
  },
  {
    "model": "user_tests.answeroptions",
    "pk": 63,
    "fields": {
      "question": 13,
      "text": "дым",
      "is_correct": true
    }
  },
  {
    "model": "user_tests.answeroptions",
    "pk": 64,
    "fields": {
      "question": 13,
      "text": "хлев",
      "is_correct": false
    }
  },
  {
    "model": "user_tests.answeroptions",
    "pk": 65,
    "fields": {
      "question": 13,
      "text": "будка",
      "is_correct": false
    }
  },
  {
    "model": "user_tests.answeroptions",
    "pk": 66,
    "fields": {
      "question": 14,
      "text": "береза",
      "is_correct": false
    }
  },
  {
    "model": "user_tests.answeroptions",
    "pk": 67,
    "fields": {
      "question": 14,
      "text": "сосна",
      "is_correct": false
    }
  },
  {
    "model": "user_tests.answeroptions",
    "pk": 68,
    "fields": {
      "question": 14,
      "text": "дуб",
      "is_correct": false
    }
  },
  {
    "model": "user_tests.answeroptions",
    "pk": 69,
    "fields": {
      "question": 14,
      "text": "ель",
      "is_correct": false
    }
  },
  {
    "model": "user_tests.answeroptions",
    "pk": 70,
    "fields": {
      "question": 14,
      "text": "сирень",
      "is_correct": true
    }
  },
  {
    "model": "user_tests.answeroptions",
    "pk": 71,
    "fields": {
      "question": 15,
      "text": "секунда",
      "is_correct": false
    }
  },
  {
    "model": "user_tests.answeroptions",
    "pk": 72,
    "fields": {
      "question": 15,
      "text": "час",
      "is_correct": false
    }
  },
  {
    "model": "user_tests.answeroptions",
    "pk": 73,
    "fields": {
      "question": 15,
      "text": "год",
      "is_correct": false
    }
  },
  {
    "model": "user_tests.answeroptions",
    "pk": 74,
    "fields": {
      "question": 15,
      "text": "вечер",
      "is_correct": true
    }
  },
  {
    "model": "user_tests.answeroptions",
    "pk": 75,
    "fields": {
      "question": 15,
      "text": "неделя",
      "is_correct": false
    }
  },
  {
    "model": "user_tests.answeroptions",
    "pk": 76,
    "fields": {
      "question": 16,
      "text": "смелый",
      "is_correct": false
    }
  },
  {
    "model": "user_tests.answeroptions",
    "pk": 77,
    "fields": {
      "question": 16,
      "text": "храбрый",
      "is_correct": false
    }
  },
  {
    "model": "user_tests.answeroptions",
    "pk": 78,
    "fields": {
      "question": 16,
      "text": "решительный",
      "is_correct": false
    }
  },
  {
    "model": "user_tests.answeroptions",
    "pk": 79,
    "fields": {
      "question": 16,
      "text": "злой",
      "is_correct": true
    }
  },
  {
    "model": "user_tests.answeroptions",
    "pk": 80,
    "fields": {
      "question": 16,
      "text": "отважный",
      "is_correct": false
    }
  },
  {
    "model": "user_tests.answeroptions",
    "pk": 81,
    "fields": {
      "question": 17,
      "text": "карандаш",
      "is_correct": false
    }
  },
  {
    "model": "user_tests.answeroptions",
    "pk": 82,
    "fields": {
      "question": 17,
      "text": "ручка",
      "is_correct": false
    }
  },
  {
    "model": "user_tests.answeroptions",
    "pk": 83,
    "fields": {
      "question": 17,
      "text": "рейсфедер",
      "is_correct": false
    }
  },
  {
    "model": "user_tests.answeroptions",
    "pk": 84,
    "fields": {
      "question": 17,
      "text": "фломастер",
      "is_correct": false
    }
  },
  {
    "model": "user_tests.answeroptions",
    "pk": 85,
    "fields": {
      "question": 17,
      "text": "чернила",
      "is_correct": true
    }
  }
]