[{"model": "user_tests.test", "pk": 1, "fields": {"name": "verbal", "time_available": 1500}}, {"model": "user_tests.task", "pk": 1, "fields": {"test": 1, "name": "exclusion", "expert_appraisal": true}}, {"model": "user_tests.task", "pk": 2, "fields": {"test": 1, "name": "meaning", "expert_appraisal": true}}, {"model": "user_tests.question", "pk": 1, "fields": {"text": "1", "task": 1}}, {"model": "user_tests.question", "pk": 2, "fields": {"text": "2", "task": 1}}, {"model": "user_tests.question", "pk": 3, "fields": {"text": "3", "task": 1}}, {"model": "user_tests.question", "pk": 4, "fields": {"text": "4", "task": 1}}, {"model": "user_tests.question", "pk": 5, "fields": {"text": "5", "task": 1}}, {"model": "user_tests.question", "pk": 6, "fields": {"text": "6", "task": 1}}, {"model": "user_tests.question", "pk": 7, "fields": {"text": "7", "task": 1}}, {"model": "user_tests.question", "pk": 8, "fields": {"text": "8", "task": 1}}, {"model": "user_tests.question", "pk": 9, "fields": {"text": "9", "task": 1}}, {"model": "user_tests.question", "pk": 10, "fields": {"text": "10", "task": 1}}, {"model": "user_tests.question", "pk": 11, "fields": {"text": "11", "task": 1}}, {"model": "user_tests.question", "pk": 12, "fields": {"text": "12", "task": 1}}, {"model": "user_tests.question", "pk": 13, "fields": {"text": "13", "task": 1}}, {"model": "user_tests.question", "pk": 14, "fields": {"text": "14", "task": 1}}, {"model": "user_tests.question", "pk": 15, "fields": {"text": "15", "task": 1}}, {"model": "user_tests.question", "pk": 16, "fields": {"text": "16", "task": 1}}, {"model": "user_tests.question", "pk": 17, "fields": {"text": "17", "task": 1}}, {"model": "user_tests.question", "pk": 18, "fields": {"text": "\u043a\u043e\u0440\u0435\u043d\u044c", "task": 2}}, {"model": "user_tests.question", "pk": 19, "fields": {"text": "\u0442\u0435\u043d\u044c", "task": 2}}, {"model": "user_tests.question", "pk": 20, "fields": {"text": "\u043f\u0443\u0442\u044c", "task": 2}}, {"model": "user_tests.question", "pk": 21, "fields": {"text": "\u0433\u043e\u043b\u043e\u0432\u0430", "task": 2}}, {"model": "user_tests.question", "pk": 22, "fields": {"text": "\u0435\u0434\u0438\u043d\u0438\u0446\u0430", "task": 2}}, {"model": "user_tests.question", "pk": 23, "fields": {"text": "\u0431\u0438\u043b\u0435\u0442", "task": 2}}, {"model": "user_tests.question", "pk": 24, "fields": {"text": "\u043f\u043e\u043b\u043e\u0441\u0430", "task": 2}}, {"model": "user_tests.question", "pk": 25, "fields": {"text": "\u0441\u0432\u0435\u0442", "task": 2}}, {"model": "user_tests.question", "pk": 26, "fields": {"text": "\u0441\u043b\u043e\u0432\u043e", "task": 2}}, {"model": "user_tests.question", "pk": 27, "fields": {"text": "\u0445\u043e\u0437\u044f\u0439\u0441\u0442\u0432\u043e", "task": 2}}, {"model": "user_tests.question", "pk": 28, "fields": {"text": "\u044f\u0437\u044b\u043a", "task": 2}}, {"model": "user_tests.question", "pk": 29, "fields": {"text": "\u043b\u0438\u043d\u0438\u044f", "task": 2}}, {"model": "user_tests.question", "pk": 30, "fields": {"text": "\u043b\u0438\u0446\u043e", "task": 2}}, {"model": "user_tests.question", "pk": 31, "fields": {"text": "\u043d\u043e\u043c\u0435\u0440", "task": 2}}, {"model": "user_tests.question", "pk": 32, "fields": {"text": "\u0434\u043e\u0441\u0442\u0438\u0436\u0435\u043d\u0438\u0435", "task": 2}}, {"model": "user_tests.question", "pk": 33, "fields": {"text": "\u043a\u043b\u0430\u0441\u0441", "task": 2}}, {"model": "user_tests.question", "pk": 34, "fields": {"text": "\u043e\u0441\u043d\u043e\u0432\u0430\u043d\u0438\u0435", "task": 2}}, {"model": "user_tests.question", "pk": 35, "fields": {"text": "\u043a\u0430\u0440\u0442\u0438\u043d\u0430", "task": 2}}, {"model": "user_tests.question", "pk": 36, "fields": {"text": "\u043e\u0431\u043e\u0440\u043e\u0442", "task": 2}}, {"model": "user_tests.question", "pk": 37, "fields": {"text": "\u043a\u0443\u043b\u044c\u0442\u0443\u0440\u0430", "task": 2}}, {"model": "user_tests.question", "pk": 38, "fields": {"text": "\u043e\u0431\u0449\u0435\u0441\u0442\u0432\u043e", "task": 2}}, {"model": "user_tests.question", "pk": 39, "fields": {"text": "\u0441\u0432\u044f\u0437\u044c", "task": 2}}, {"model": "user_tests.question", "pk": 40, "fields": {"text": "\u043f\u0435\u0442\u043b\u044f", "task": 2}}, {"model": "user_tests.question", "pk": 41, "fields": {"text": "\u0436\u0438\u0437\u043d\u044c", "task": 2}}, {"model": "user_tests.question", "pk": 42, "fields": {"text": "\u0440\u043e\u043b\u044c", "task": 2}}, {"model": "user_tests.answeroptions", "pk": 1, "fields": {"question": 1, "text": "\u0412\u0430\u0441\u0438\u043b\u0438\u0439", "is_correct": false}}, {"model": "user_tests.answeroptions", "pk": 2, "fields": {"question": 1, "text": "\u0424\u0435\u0434\u043e\u0440", "is_correct": false}}, {"model": "user_tests.answeroptions", "pk": 3, "fields": {"question": 1, "text": "\u0421\u0435\u043c\u0435\u043d", "is_correct": false}}, {"model": "user_tests.answeroptions", "pk": 4, "fields": {"question": 1, "text": "\u0418\u0432\u0430\u043d\u043e\u0432", "is_correct": true}}, {"model": "user_tests.answeroptions", "pk": 5, "fields": {"question": 1, "text": "\u041f\u0435\u0442\u0440", "is_correct": false}}, {"model": "user_tests.answeroptions", "pk": 6, "fields": {"question": 2, "text": "\u0434\u0440\u044f\u0445\u043b\u044b\u0439", "is_correct": false}}, {"model": "user_tests.answeroptions", "pk": 7, "fields": {"question": 2, "text": "\u043c\u0430\u043b\u0435\u043d\u044c\u043a\u0438\u0439", "is_correct": true}}, {"model": "user_tests.answeroptions", "pk": 8, "fields": {"question": 2, "text": "\u0441\u0442\u0430\u0440\u044b\u0439", "is_correct": false}}, {"model": "user_tests.answeroptions", "pk": 9, "fields": {"question": 2, "text": "\u0438\u0437\u043d\u043e\u0448\u0435\u043d\u043d\u044b\u0439", "is_correct": false}}, {"model": "user_tests.answeroptions", "pk": 10, "fields": {"question": 2, "text": "\u0432\u0435\u0442\u0445\u0438\u0439", "is_correct": false}}, {"model": "user_tests.answeroptions", "pk": 11, "fields": {"question": 3, "text": "\u0441\u043a\u043e\u0440\u043e", "is_correct": false}}, {"model": "user_tests.answeroptions", "pk": 12, "fields": {"question": 3, "text": "\u0431\u044b\u0441\u0442\u0440\u043e", "is_correct": false}}, {"model": "user_tests.answeroptions", "pk": 13, "fields": {"question": 3, "text": "\u043f\u043e\u0441\u043f\u0435\u0448\u043d\u043e", "is_correct": false}}, {"model": "user_tests.answeroptions", "pk": 14, "fields": {"question": 3, "text": "\u043f\u043e\u0441\u0442\u0435\u043f\u0435\u043d\u043d\u043e", "is_correct": true}}, {"model": "user_tests.answeroptions", "pk": 15, "fields": {"question": 3, "text": "\u0442\u043e\u0440\u043e\u043f\u043b\u0438\u0432\u043e", "is_correct": false}}, {"model": "user_tests.answeroptions", "pk": 16, "fields": {"question": 4, "text": "\u043b\u0438\u0441\u0442", "is_correct": false}}, {"model": "user_tests.answeroptions", "pk": 17, "fields": {"question": 4, "text": "\u043f\u043e\u0447\u0432\u0430", "is_correct": false}}, {"model": "user_tests.answeroptions", "pk": 18, "fields": {"question": 4, "text": "\u043a\u043e\u0440\u0430", "is_correct": false}}, {"model": "user_tests.answeroptions", "pk": 19, "fields": {"question": 4, "text": "\u0447\u0435\u0448\u0443\u044f", "is_correct": true}}, {"model": "user_tests.answeroptions", "pk": 20, "fields": {"question": 4, "text": "\u0441\u0443\u043a", "is_correct": false}}, {"model": "user_tests.answeroptions", "pk": 21, "fields": {"question": 5, "text": "\u043d\u0435\u043d\u0430\u0432\u0438\u0434\u0435\u0442\u044c", "is_correct": false}}, {"model": "user_tests.answeroptions", "pk": 22, "fields": {"question": 5, "text": "\u043f\u0440\u0435\u0437\u0438\u0440\u0430\u0442\u044c", "is_correct": false}}, {"model": "user_tests.answeroptions", "pk": 23, "fields": {"question": 5, "text": "\u043d\u0435\u0433\u043e\u0434\u043e\u0432\u0430\u0442\u044c", "is_correct": false}}, {"model": "user_tests.answeroptions", "pk": 24, "fields": {"question": 5, "text": "\u0432\u043e\u0437\u043c\u0443\u0449\u0430\u0442\u044c\u0441\u044f", "is_correct": false}}, {"model": "user_tests.answeroptions", "pk": 25, "fields": {"question": 5, "text": "\u043f\u043e\u043d\u0438\u043c\u0430\u0442\u044c", "is_correct": true}}, {"model": "user_tests.answeroptions", "pk": 26, "fields": {"question": 6, "text": "\u0442\u0435\u043c\u043d\u044b\u0439", "is_correct": false}}, {"model": "user_tests.answeroptions", "pk": 27, "fields": {"question": 6, "text": "\u0441\u0432\u0435\u0442\u043b\u044b\u0439", "is_correct": false}}, {"model": "user_tests.answeroptions", "pk": 28, "fields": {"question": 6, "text": "\u0433\u043e\u043b\u0443\u0431\u043e\u0439", "is_correct": true}}, {"model": "user_tests.answeroptions", "pk": 29, "fields": {"question": 6, "text": "\u044f\u0440\u043a\u0438\u0439", "is_correct": false}}, {"model": "user_tests.answeroptions", "pk": 30, "fields": {"question": 6, "text": "\u0442\u0443\u0441\u043a\u043b\u044b\u0439", "is_correct": false}}, {"model": "user_tests.answeroptions", "pk": 31, "fields": {"question": 7, "text": "\u0433\u043d\u0435\u0437\u0434\u043e", "is_correct": false}}, {"model": "user_tests.answeroptions", "pk": 32, "fields": {"question": 7, "text": "\u043d\u043e\u0440\u0430", "is_correct": false}}, {"model": "user_tests.answeroptions", "pk": 33, "fields": {"question": 7, "text": "\u043a\u0443\u0440\u044f\u0442\u043d\u0438\u043a", "is_correct": false}}, {"model": "user_tests.answeroptions", "pk": 34, "fields": {"question": 7, "text": "\u0441\u0442\u043e\u0440\u043e\u0436\u043a\u0430", "is_correct": true}}, {"model": "user_tests.answeroptions", "pk": 35, "fields": {"question": 7, "text": "\u0431\u0435\u0440\u043b\u043e\u0433\u0430", "is_correct": false}}, {"model": "user_tests.answeroptions", "pk": 36, "fields": {"question": 8, "text": "\u043d\u0435\u0443\u0434\u0430\u0447\u0430", "is_correct": false}}, {"model": "user_tests.answeroptions", "pk": 37, "fields": {"question": 8, "text": "\u0432\u043e\u043b\u043d\u0435\u043d\u0438\u0435", "is_correct": true}}, {"model": "user_tests.answeroptions", "pk": 38, "fields": {"question": 8, "text": "\u043f\u043e\u0440\u0430\u0436\u0435\u043d\u0438\u0435", "is_correct": false}}, {"model": "user_tests.answeroptions", "pk": 39, "fields": {"question": 8, "text": "\u043f\u0440\u043e\u0432\u0430\u043b", "is_correct": false}}, {"model": "user_tests.answeroptions", "pk": 40, "fields": {"question": 8, "text": "\u043a\u0440\u0430\u0445", "is_correct": false}}, {"model": "user_tests.answeroptions", "pk": 41, "fields": {"question": 9, "text": "\u0443\u0441\u043f\u0435\u0445", "is_correct": false}}, {"model": "user_tests.answeroptions", "pk": 42, "fields": {"question": 9, "text": "\u0443\u0434\u0430\u0447\u0430", "is_correct": false}}, {"model": "user_tests.answeroptions", "pk": 43, "fields": {"question": 9, "text": "\u0432\u044b\u0438\u0433\u0440\u044b\u0448", "is_correct": false}}, {"model": "user_tests.answeroptions", "pk": 44, "fields": {"question": 9, "text": "\u0441\u043f\u043e\u043a\u043e\u0439\u0441\u0442\u0432\u0438\u0435", "is_correct": true}}, {"model": "user_tests.answeroptions", "pk": 45, "fields": {"question": 9, "text": "\u043d\u0435\u0443\u0434\u0430\u0447\u0430", "is_correct": false}}, {"model": "user_tests.answeroptions", "pk": 46, "fields": {"question": 10, "text": "\u0433\u0440\u0430\u0431\u0435\u0436", "is_correct": false}}, {"model": "user_tests.answeroptions", "pk": 47, "fields": {"question": 10, "text": "\u043a\u0440\u0430\u0436\u0430", "is_correct": false}}, {"model": "user_tests.answeroptions", "pk": 48, "fields": {"question": 10, "text": "\u0437\u0435\u043c\u043b\u0435\u0442\u0440\u044f\u0441\u0435\u043d\u0438\u0435", "is_correct": true}}, {"model": "user_tests.answeroptions", "pk": 49, "fields": {"question": 10, "text": "\u043f\u043e\u0434\u0436\u043e\u0433", "is_correct": false}}, {"model": "user_tests.answeroptions", "pk": 50, "fields": {"question": 10, "text": "\u043d\u0430\u043f\u0430\u0434\u0435\u043d\u0438\u0435", "is_correct": false}}, {"model": "user_tests.answeroptions", "pk": 51, "fields": {"question": 11, "text": "\u043c\u043e\u043b\u043e\u043a\u043e", "is_correct": false}}, {"model": "user_tests.answeroptions", "pk": 52, "fields": {"question": 11, "text": "\u0441\u044b\u0440", "is_correct": false}}, {"model": "user_tests.answeroptions", "pk": 53, "fields": {"question": 11, "text": "\u0441\u043c\u0435\u0442\u0430\u043d\u0430", "is_correct": false}}, {"model": "user_tests.answeroptions", "pk": 54, "fields": {"question": 11, "text": "\u0441\u0430\u043b\u043e", "is_correct": true}}, {"model": "user_tests.answeroptions", "pk": 55, "fields": {"question": 11, "text": "\u043f\u0440\u043e\u0441\u0442\u043e\u043a\u0432\u0430\u0448\u0430", "is_correct": false}}, {"model": "user_tests.answeroptions", "pk": 56, "fields": {"question": 12, "text": "\u0433\u043b\u0443\u0431\u043e\u043a\u0438\u0439", "is_correct": false}}, {"model": "user_tests.answeroptions", "pk": 57, "fields": {"question": 12, "text": "\u043d\u0438\u0437\u043a\u0438\u0439", "is_correct": false}}, {"model": "user_tests.answeroptions", "pk": 58, "fields": {"question": 12, "text": "\u0441\u0432\u0435\u0442\u043b\u044b\u0439", "is_correct": true}}, {"model": "user_tests.answeroptions", "pk": 59, "fields": {"question": 12, "text": "\u0432\u044b\u0441\u043e\u043a\u0438\u0439", "is_correct": false}}, {"model": "user_tests.answeroptions", "pk": 60, "fields": {"question": 12, "text": "\u0434\u043b\u0438\u043d\u043d\u044b\u0439", "is_correct": false}}, {"model": "user_tests.answeroptions", "pk": 61, "fields": {"question": 13, "text": "\u0445\u0430\u0442\u0430", "is_correct": false}}, {"model": "user_tests.answeroptions", "pk": 62, "fields": {"question": 13, "text": "\u0448\u0430\u043b\u0430\u0448", "is_correct": false}}, {"model": "user_tests.answeroptions", "pk": 63, "fields": {"question": 13, "text": "\u0434\u044b\u043c", "is_correct": true}}, {"model": "user_tests.answeroptions", "pk": 64, "fields": {"question": 13, "text": "\u0445\u043b\u0435\u0432", "is_correct": false}}, {"model": "user_tests.answeroptions", "pk": 65, "fields": {"question": 13, "text": "\u0431\u0443\u0434\u043a\u0430", "is_correct": false}}, {"model": "user_tests.answeroptions", "pk": 66, "fields": {"question": 14, "text": "\u0431\u0435\u0440\u0435\u0437\u0430", "is_correct": false}}, {"model": "user_tests.answeroptions", "pk": 67, "fields": {"question": 14, "text": "\u0441\u043e\u0441\u043d\u0430", "is_correct": false}}, {"model": "user_tests.answeroptions", "pk": 68, "fields": {"question": 14, "text": "\u0434\u0443\u0431", "is_correct": false}}, {"model": "user_tests.answeroptions", "pk": 69, "fields": {"question": 14, "text": "\u0435\u043b\u044c", "is_correct": false}}, {"model": "user_tests.answeroptions", "pk": 70, "fields": {"question": 14, "text": "\u0441\u0438\u0440\u0435\u043d\u044c", "is_correct": true}}, {"model": "user_tests.answeroptions", "pk": 71, "fields": {"question": 15, "text": "\u0441\u0435\u043a\u0443\u043d\u0434\u0430", "is_correct": false}}, {"model": "user_tests.answeroptions", "pk": 72, "fields": {"question": 15, "text": "\u0447\u0430\u0441", "is_correct": false}}, {"model": "user_tests.answeroptions", "pk": 73, "fields": {"question": 15, "text": "\u0433\u043e\u0434", "is_correct": false}}, {"model": "user_tests.answeroptions", "pk": 74, "fields": {"question": 15, "text": "\u0432\u0435\u0447\u0435\u0440", "is_correct": true}}, {"model": "user_tests.answeroptions", "pk": 75, "fields": {"question": 15, "text": "\u043d\u0435\u0434\u0435\u043b\u044f", "is_correct": false}}, {"model": "user_tests.answeroptions", "pk": 76, "fields": {"question": 16, "text": "\u0441\u043c\u0435\u043b\u044b\u0439", "is_correct": false}}, {"model": "user_tests.answeroptions", "pk": 77, "fields": {"question": 16, "text": "\u0445\u0440\u0430\u0431\u0440\u044b\u0439", "is_correct": false}}, {"model": "user_tests.answeroptions", "pk": 78, "fields": {"question": 16, "text": "\u0440\u0435\u0448\u0438\u0442\u0435\u043b\u044c\u043d\u044b\u0439", "is_correct": false}}, {"model": "user_tests.answeroptions", "pk": 79, "fields": {"question": 16, "text": "\u0437\u043b\u043e\u0439", "is_correct": true}}, {"model": "user_tests.answeroptions", "pk": 80, "fields": {"question": 16, "text": "\u043e\u0442\u0432\u0430\u0436\u043d\u044b\u0439", "is_correct": false}}, {"model": "user_tests.answeroptions", "pk": 81, "fields": {"question": 17, "text": "\u043a\u0430\u0440\u0430\u043d\u0434\u0430\u0448", "is_correct": false}}, {"model": "user_tests.answeroptions", "pk": 82, "fields": {"question": 17, "text": "\u0440\u0443\u0447\u043a\u0430", "is_correct": false}}, {"model": "user_tests.answeroptions", "pk": 83, "fields": {"question": 17, "text": "\u0440\u0435\u0439\u0441\u0444\u0435\u0434\u0435\u0440", "is_correct": false}}, {"model": "user_tests.answeroptions", "pk": 84, "fields": {"question": 17, "text": "\u0444\u043b\u043e\u043c\u0430\u0441\u0442\u0435\u0440", "is_correct": false}}, {"model": "user_tests.answeroptions", "pk": 85, "fields": {"question": 17, "text": "\u0447\u0435\u0440\u043d\u0438\u043b\u0430", "is_correct": true}}]